,date,github
1,2021-11-28,1,
2,2021-11-30,1,
3,2021-12-01,2,
4,2021-12-14,2,
5,2021-12-15,4,
6,2021-12-20,4,
7,2021-12-23,1,
8,2021-12-26,2,
9,2021-12-27,3,
10,2021-12-29,5,
11,2021-12-30,5,
12,2021-12-31,11,
13,2022-01-01,1,
14,2022-01-02,6,
15,2022-01-03,5,
16,2022-01-08,1,
17,2022-01-09,8,
18,2022-01-10,5,
19,2022-01-12,8,
20,2022-01-13,2,
21,2022-01-14,6,
22,2022-01-15,12,
23,2022-01-16,3,
24,2022-01-17,13,
25,2022-01-18,6,
26,2022-01-19,3,
27,2022-01-21,6,
28,2022-01-22,26,
29,2022-01-23,14,
30,2022-01-24,4,
31,2022-01-25,11,
32,2022-01-31,2,
33,2022-02-01,11,
34,2022-02-02,7,
35,2022-02-03,8,
36,2022-02-05,12,
37,2022-02-06,13,
38,2022-02-07,1,
39,2022-02-08,4,
40,2022-02-09,2,
41,2022-02-10,3,
42,2022-02-11,16,
43,2022-02-12,3,
44,2022-02-13,2,
45,2022-02-14,2,
46,2022-08-24,13,
47,2022-08-25,20,
48,2022-08-27,1,
49,2022-08-28,6,
50,2022-08-29,2,
51,2022-08-30,1,
52,2022-08-31,1,
53,2022-09-01,1,
54,2022-09-02,1,
55,2022-09-03,1,
56,2022-09-05,7,
57,2022-09-06,5,
58,2022-09-07,3,
59,2022-09-08,2,
60,2022-09-09,1,
61,2022-09-12,3,
62,2022-09-13,3,
63,2022-09-14,6,
64,2022-09-15,11,
65,2022-09-16,17,
66,2022-09-19,13,
67,2022-09-20,4,
68,2022-09-21,1,
69,2022-09-22,3,
70,2022-09-23,6,
71,2022-09-27,1,
72,2022-10-03,3,
73,2022-10-04,7,
74,2022-10-05,1,
75,2022-10-06,1,
76,2022-10-07,1,
77,2022-10-10,1,
78,2022-10-11,1,
79,2022-10-12,1,
80,2022-10-13,1,
81,2022-10-18,1,
82,2022-10-19,3,
83,2022-10-20,2,
84,2022-10-21,4,
85,2022-10-24,2,
86,2022-10-26,3,
87,2022-10-28,12,
88,2022-11-08,11,
89,2022-11-09,1,
90,2022-11-10,2,
91,2022-11-11,1,
92,2022-11-14,2,
93,2022-11-15,1,
94,2022-11-22,1,
95,2022-12-01,1,
